{"cameraMode":{"drawMode":0,"name":"Shaded","section":"Shading Mode"},"sceneLighting":true,"audioPlay":false,"sceneViewState":{"showFog":true,"showMaterialUpdate":false,"showSkybox":false,"showFlares":true,"showImageEffects":true,"showParticleSystems":true},"in2DMode":false,"pivot":{"x":-0.002090535359457135,"y":0.004279616288840771,"z":-0.05326247960329056},"rotation":{"x":-0.14149384200572968,"y":-0.7206565737724304,"z":0.1542809158563614,"w":-0.6609421968460083},"size":0.3265673518180847,"orthographic":false}